-- phpMyAdmin SQL Dump
-- version 3.5.1
-- http://www.phpmyadmin.net
--
-- Servidor: localhost
-- Tempo de Geração: 
-- Versão do Servidor: 5.5.24-log
-- Versão do PHP: 5.3.13

SET SQL_MODE="NO_AUTO_VALUE_ON_ZERO";
SET time_zone = "+00:00";


/*!40101 SET @OLD_CHARACTER_SET_CLIENT=@@CHARACTER_SET_CLIENT */;
/*!40101 SET @OLD_CHARACTER_SET_RESULTS=@@CHARACTER_SET_RESULTS */;
/*!40101 SET @OLD_COLLATION_CONNECTION=@@COLLATION_CONNECTION */;
/*!40101 SET NAMES utf8 */;

--
-- Banco de Dados: `treebook_rails`
--

-- --------------------------------------------------------

--
-- Estrutura da tabela `albums`
--

CREATE TABLE IF NOT EXISTS `albums` (
  `id` int(11) NOT NULL AUTO_INCREMENT,
  `user_id` int(11) DEFAULT NULL,
  `title` varchar(255) COLLATE utf8_unicode_ci DEFAULT NULL,
  `created_at` datetime DEFAULT NULL,
  `updated_at` datetime DEFAULT NULL,
  PRIMARY KEY (`id`),
  KEY `index_albums_on_user_id` (`user_id`)
) ENGINE=InnoDB  DEFAULT CHARSET=utf8 COLLATE=utf8_unicode_ci AUTO_INCREMENT=5 ;

--
-- Extraindo dados da tabela `albums`
--

INSERT INTO `albums` (`id`, `user_id`, `title`, `created_at`, `updated_at`) VALUES
(4, 2, 'undefined', '2014-08-01 13:21:01', '2014-08-01 13:21:01');

-- --------------------------------------------------------

--
-- Estrutura da tabela `clientes`
--

CREATE TABLE IF NOT EXISTS `clientes` (
  `id` int(11) NOT NULL AUTO_INCREMENT,
  `idade` int(11) DEFAULT NULL,
  `created_at` datetime DEFAULT NULL,
  `updated_at` datetime DEFAULT NULL,
  `user_id` int(11) NOT NULL,
  PRIMARY KEY (`id`)
) ENGINE=InnoDB  DEFAULT CHARSET=utf8 COLLATE=utf8_unicode_ci AUTO_INCREMENT=4 ;

--
-- Extraindo dados da tabela `clientes`
--

INSERT INTO `clientes` (`id`, `idade`, `created_at`, `updated_at`, `user_id`) VALUES
(1, 6565, '2014-07-24 16:16:54', '2014-07-25 17:40:56', 2),
(2, 23, '2014-07-25 18:23:43', '2014-07-28 21:41:03', 4),
(3, 28, '2014-07-28 21:34:47', '2014-07-28 21:51:29', 2);

-- --------------------------------------------------------

--
-- Estrutura da tabela `comments`
--

CREATE TABLE IF NOT EXISTS `comments` (
  `id` int(11) NOT NULL AUTO_INCREMENT,
  `user_id` int(11) DEFAULT NULL,
  `photo_id` int(11) DEFAULT NULL,
  `body` text COLLATE utf8_unicode_ci,
  `created_at` datetime DEFAULT NULL,
  `updated_at` datetime DEFAULT NULL,
  PRIMARY KEY (`id`),
  KEY `index_comments_on_user_id` (`user_id`),
  KEY `index_comments_on_photo_id` (`photo_id`)
) ENGINE=InnoDB  DEFAULT CHARSET=utf8 COLLATE=utf8_unicode_ci AUTO_INCREMENT=29 ;

--
-- Extraindo dados da tabela `comments`
--

INSERT INTO `comments` (`id`, `user_id`, `photo_id`, `body`, `created_at`, `updated_at`) VALUES
(1, 4, 4, 'testeeeeeee', NULL, NULL),
(5, 2, 252, 'Comentário teste', '2014-08-15 11:36:35', '2014-08-15 11:36:35'),
(6, 2, 263, 'muito bom', '2014-08-15 11:50:18', '2014-08-15 11:50:18'),
(15, 2, 261, 'teste comentário!', '2014-08-15 15:47:39', '2014-08-15 15:47:39'),
(19, 2, 261, 'Linda foto!', '2014-08-15 15:52:33', '2014-08-15 15:52:33'),
(20, 2, 261, 'Adorei!', '2014-08-15 15:52:53', '2014-08-15 15:52:53'),
(21, 7, 261, 'Olha essa montanha!! Que maneiro, onde é?', '2014-08-15 16:08:31', '2014-08-15 16:08:31'),
(22, 2, 260, 'tamo junto!', '2014-08-15 21:04:40', '2014-08-15 21:04:40'),
(23, 2, 260, 'tamo junto mermao!', '2014-08-15 21:04:54', '2014-08-15 21:04:54'),
(24, 2, 270, 'Linda foto!', '2014-08-16 19:45:17', '2014-08-16 19:45:17'),
(25, 2, 270, 'foda!', '2014-08-16 19:45:50', '2014-08-16 19:45:50'),
(26, 2, 270, 'show demais', '2014-08-16 19:46:33', '2014-08-16 19:46:33'),
(27, 2, 270, 'oiiii', '2014-08-17 20:18:11', '2014-08-17 20:18:11'),
(28, 2, 260, '=)', '2014-08-17 20:19:00', '2014-08-17 20:19:00');

-- --------------------------------------------------------

--
-- Estrutura da tabela `favorites`
--

CREATE TABLE IF NOT EXISTS `favorites` (
  `id` int(11) NOT NULL AUTO_INCREMENT,
  `user_id` int(11) DEFAULT NULL,
  `photo_id` int(11) DEFAULT NULL,
  `created_at` datetime DEFAULT NULL,
  `updated_at` datetime DEFAULT NULL,
  PRIMARY KEY (`id`),
  KEY `index_favorites_on_user_id` (`user_id`),
  KEY `index_favorites_on_photo_id` (`photo_id`)
) ENGINE=InnoDB  DEFAULT CHARSET=utf8 COLLATE=utf8_unicode_ci AUTO_INCREMENT=31 ;

--
-- Extraindo dados da tabela `favorites`
--

INSERT INTO `favorites` (`id`, `user_id`, `photo_id`, `created_at`, `updated_at`) VALUES
(6, 2, 240, '2014-08-16 19:26:24', '2014-08-16 19:26:24'),
(11, 2, 261, '2014-08-18 22:50:15', '2014-08-18 22:50:15'),
(28, 2, 270, '2014-08-18 23:43:38', '2014-08-18 23:43:38'),
(29, 2, 267, '2014-08-18 23:45:08', '2014-08-18 23:45:08'),
(30, 2, 260, '2014-08-20 10:55:16', '2014-08-20 10:55:16');

-- --------------------------------------------------------

--
-- Estrutura da tabela `likes`
--

CREATE TABLE IF NOT EXISTS `likes` (
  `id` int(11) NOT NULL AUTO_INCREMENT,
  `user_id` int(11) DEFAULT NULL,
  `photo_id` int(11) DEFAULT NULL,
  `created_at` datetime DEFAULT NULL,
  `updated_at` datetime DEFAULT NULL,
  PRIMARY KEY (`id`),
  KEY `index_likes_on_user_id` (`user_id`),
  KEY `index_likes_on_photo_id` (`photo_id`)
) ENGINE=InnoDB  DEFAULT CHARSET=utf8 COLLATE=utf8_unicode_ci AUTO_INCREMENT=36 ;

--
-- Extraindo dados da tabela `likes`
--

INSERT INTO `likes` (`id`, `user_id`, `photo_id`, `created_at`, `updated_at`) VALUES
(2, 2, 268, '2014-08-16 16:08:20', '2014-08-16 16:08:20'),
(17, 2, 266, '2014-08-16 18:51:03', '2014-08-16 18:51:03'),
(18, 2, 240, '2014-08-16 19:12:18', '2014-08-16 19:12:18'),
(23, 2, 269, '2014-08-18 23:18:31', '2014-08-18 23:18:31'),
(29, 2, 261, '2014-08-18 23:45:16', '2014-08-18 23:45:16'),
(31, 2, 263, '2014-08-19 00:03:01', '2014-08-19 00:03:01'),
(34, 2, 260, '2014-08-20 10:51:05', '2014-08-20 10:51:05'),
(35, 2, 267, '2014-08-20 16:20:32', '2014-08-20 16:20:32');

-- --------------------------------------------------------

--
-- Estrutura da tabela `photos`
--

CREATE TABLE IF NOT EXISTS `photos` (
  `id` int(11) NOT NULL AUTO_INCREMENT,
  `album_id` int(11) DEFAULT NULL,
  `user_id` int(11) DEFAULT NULL,
  `title` varchar(255) COLLATE utf8_unicode_ci DEFAULT NULL,
  `description` text COLLATE utf8_unicode_ci,
  `created_at` datetime DEFAULT NULL,
  `updated_at` datetime DEFAULT NULL,
  `path_file_name` varchar(255) COLLATE utf8_unicode_ci DEFAULT NULL,
  `path_content_type` varchar(255) COLLATE utf8_unicode_ci DEFAULT NULL,
  `path_file_size` int(11) DEFAULT NULL,
  `path_updated_at` datetime DEFAULT NULL,
  `photo_token` varchar(255) COLLATE utf8_unicode_ci NOT NULL,
  `slug` varchar(255) COLLATE utf8_unicode_ci NOT NULL,
  PRIMARY KEY (`id`),
  KEY `index_photos_on_album_id` (`album_id`),
  KEY `index_photos_on_user_id` (`user_id`)
) ENGINE=InnoDB  DEFAULT CHARSET=utf8 COLLATE=utf8_unicode_ci AUTO_INCREMENT=271 ;

--
-- Extraindo dados da tabela `photos`
--

INSERT INTO `photos` (`id`, `album_id`, `user_id`, `title`, `description`, `created_at`, `updated_at`, `path_file_name`, `path_content_type`, `path_file_size`, `path_updated_at`, `photo_token`, `slug`) VALUES
(240, NULL, 2, 'pier de dia', NULL, '2014-08-08 11:32:47', '2014-08-08 11:32:47', '4dAw8Su1SyaQH5ABC87S_Traunsee-Toscana_2014-02-01_(90_von_117).jpg', 'image/jpeg', 1095330, '2014-08-08 11:32:47', 'pNBFtri1)MJcCkk45vTkNb7I7ZHTi9lXJx05A-EdzIbuUK(9fsTT2MPWuimg', 'pier-de-dia'),
(241, NULL, 2, 'noah', NULL, '2014-08-08 11:33:44', '2014-08-08 11:33:45', '1510599_613429678725008_1337344285_n.jpg', 'image/jpeg', 8344, '2014-08-08 11:33:44', 'J8bKDhPQ-SNJgLTpT-nXC3VOfTs5Dyu64Xt14)eGz1MgHWP)ATPV8isy32/E', 'teste'),
(242, NULL, 2, 'noah', NULL, '2014-08-08 11:33:45', '2014-08-08 11:33:45', '10492524_579499665500874_7339010177276795944_n.jpg', 'image/jpeg', 25607, '2014-08-08 11:33:45', 'J8bKDhPQ-SNJgLTpT-nXC3VOfTs5Dyu64Xt14)eGz1MgHWP)ATPV8isy32/E', 'bla'),
(243, NULL, 2, 'aaaa', NULL, '2014-08-08 11:37:50', '2014-08-08 11:37:51', '1510599_613429678725008_1337344285_n.jpg', 'image/jpeg', 8344, '2014-08-08 11:37:50', 'KnJUsRwfGJZ=(S4TmA7mr2wymp(nVE)5yxgm9OPgqfO0C4Jgw69syEKTzn3X', 'as'),
(244, NULL, 2, 'bbbb', NULL, '2014-08-08 11:37:51', '2014-08-10 14:56:08', '4dAw8Su1SyaQH5ABC87S_Traunsee-Toscana_2014-02-01_(90_von_117).jpg', 'image/jpeg', 1095330, '2014-08-10 14:56:08', 'KnJUsRwfGJZ=(S4TmA7mr2wymp(nVE)5yxgm9OPgqfO0C4Jgw69syEKTzn3X', '23121'),
(245, NULL, 2, '', '', '2014-08-10 14:57:26', '2014-08-10 14:57:27', '4dAw8Su1SyaQH5ABC87S_Traunsee-Toscana_2014-02-01_(90_von_117).jpg', 'image/jpeg', 1095330, '2014-08-10 14:57:27', 'ZR6vso17NZqc=uonH9DdOsk9FrStWr)rVR6A8I)-J3DOv9hmeNxxdKXmM=Fz', 'aasdas'),
(246, NULL, 2, '', '', '2014-08-10 15:48:48', '2014-08-10 15:48:48', '1470338_674414142590456_896597594_n.jpg', 'image/jpeg', 11286, '2014-08-10 15:48:48', '3R8nushPnN(TXKq5Lw(NuiyzMkZ6dOfuVBct73a9/KbztuzfziaK)xykklI1', 'ssda'),
(247, NULL, 2, 'llllll', 'kkkkkkkkkkkk', '2014-08-10 15:48:48', '2014-08-10 15:48:48', '1510599_613429678725008_1337344285_n.jpg', 'image/jpeg', 8344, '2014-08-10 15:48:48', '3R8nushPnN(TXKq5Lw(NuiyzMkZ6dOfuVBct73a9/KbztuzfziaK)xykklI1', 'aa'),
(248, NULL, 2, '', '', '2014-08-10 15:48:48', '2014-08-10 15:48:48', NULL, NULL, NULL, NULL, '3R8nushPnN(TXKq5Lw(NuiyzMkZ6dOfuVBct73a9/KbztuzfziaK)xykklI1', 'ccc'),
(249, NULL, 2, NULL, NULL, '2014-08-10 15:48:48', '2014-08-10 15:48:49', 'gente.jpg', 'image/jpeg', 10194, '2014-08-10 15:48:49', '3R8nushPnN(TXKq5Lw(NuiyzMkZ6dOfuVBct73a9/KbztuzfziaK)xykklI1', 'ww'),
(250, NULL, 2, NULL, NULL, '2014-08-10 15:48:49', '2014-08-10 15:48:49', NULL, NULL, NULL, NULL, '3R8nushPnN(TXKq5Lw(NuiyzMkZ6dOfuVBct73a9/KbztuzfziaK)xykklI1', 'bbdfr'),
(251, NULL, 2, 'aaa', 'aaaaaaa', '2014-08-10 15:49:40', '2014-08-10 15:49:41', '1510599_613429678725008_1337344285_n.jpg', 'image/jpeg', 8344, '2014-08-10 15:49:41', '/l22XCGP)Byzin29=dd-aN(dI3ASoiAS/2uNOTRrDB/2yZ0t1ANFmC3BbCre', 'as'),
(252, NULL, 2, 'bbbbb', 'bbbbbbbbbbb', '2014-08-10 15:49:41', '2014-08-10 15:49:41', 'gente.jpg', 'image/jpeg', 10194, '2014-08-10 15:49:41', '/l22XCGP)Byzin29=dd-aN(dI3ASoiAS/2uNOTRrDB/2yZ0t1ANFmC3BbCre', 'tyuty'),
(253, NULL, 2, 'ccccccc', 'ccccccccccc', '2014-08-10 15:49:41', '2014-08-10 15:49:41', NULL, NULL, NULL, NULL, '/l22XCGP)Byzin29=dd-aN(dI3ASoiAS/2uNOTRrDB/2yZ0t1ANFmC3BbCre', 'rrrr'),
(254, NULL, 2, 'aaaaa', 'aaaaaaaaaaa', '2014-08-10 15:51:07', '2014-08-10 15:51:08', '4dAw8Su1SyaQH5ABC87S_Traunsee-Toscana_2014-02-01_(90_von_117).jpg', 'image/jpeg', 1095330, '2014-08-10 15:51:08', 'Kqe)z90RKeToQqpp3yy=SvF5sTuqf0r)M7RdTOtCRoW)ZZ=yioyqRhlUX)gW', 'ertertg'),
(256, NULL, 2, 'vvvvvvv', 'vvvvvvvvvvvvv', '2014-08-10 15:51:10', '2014-08-10 15:51:11', 'awhCbhLqRceCdjcPQUnn_IMG_0249.jpg', 'image/jpeg', 3143953, '2014-08-10 15:51:11', 'Kqe)z90RKeToQqpp3yy=SvF5sTuqf0r)M7RdTOtCRoW)ZZ=yioyqRhlUX)gW', 'teste2'),
(257, NULL, 2, 'Cachorro', 'este é um cachorro', '2014-08-11 13:10:53', '2014-08-11 13:10:53', '2741653860_432806664e_o.jpg', 'image/jpeg', 97987, '2014-08-11 13:10:53', 'cP1G6C8TlnUmv)/LkV(9GlbV/94m9LrSRe8kRtcx0gSROguWmWGL4/epsPSs', 'qerq234'),
(258, NULL, 2, 'Praia de Ipanema', 'hhhhhhh', '2014-08-11 13:10:54', '2014-08-11 13:10:54', '4041143540_32e1a7dcf5_o.jpg', 'image/jpeg', 584910, '2014-08-11 13:10:54', 'cP1G6C8TlnUmv)/LkV(9GlbV/94m9LrSRe8kRtcx0gSROguWmWGL4/epsPSs', 'qwerq32'),
(259, NULL, 2, 'Montanha', '', '2014-08-11 13:10:54', '2014-08-11 13:10:55', '4130990745_b3182f920a_b.jpg', 'image/jpeg', 391606, '2014-08-11 13:10:54', 'cP1G6C8TlnUmv)/LkV(9GlbV/94m9LrSRe8kRtcx0gSROguWmWGL4/epsPSs', 'cv34f34rf'),
(260, NULL, 4, 'Abelha', '', '2014-08-11 13:10:55', '2014-08-11 13:10:55', '7823623670_4574a0851f_b.jpg', 'image/jpeg', 309697, '2014-08-11 13:10:55', 'cP1G6C8TlnUmv)/LkV(9GlbV/94m9LrSRe8kRtcx0gSROguWmWGL4/epsPSs', 'abelha'),
(261, NULL, 2, 'pier de dia', '', '2014-08-13 11:40:47', '2014-08-13 11:40:48', '4130990745_b3182f920a_b.jpg', 'image/jpeg', 391606, '2014-08-13 11:40:48', 'qoHHo4F3B5TgmrfsTQFB4gy4VwhwfvMku4Tv8UzMzZvD3oDNVT(X0QShig=1', 'pier-de-dia-295ddbe2-69ec-45a8-8004-06d3defc7eb8'),
(263, NULL, 7, 'bebe com toca', '', '2014-08-13 12:59:55', '2014-08-13 14:27:00', '5145619202_5d2e2466a5_z.jpg', 'image/jpeg', 144412, '2014-08-13 12:59:56', 'QU5wQ)4GDN)C=vLWx7iNZD161RuW0Sn41k-40KDw55BN5BSG)2ZJ/r2bBpcO', 'bebe-com-toca-by-7'),
(266, NULL, 2, 'Flor de lis bonita', 'bonitona, fala sério!', '2014-08-16 13:14:08', '2014-08-16 13:14:08', '14729189249_30180ff6a1_k.jpg', 'image/jpeg', 740621, '2014-08-16 13:14:08', 'tKfo1MKD564csJ4TN2dUE5G1bTdl7mtS9uFPth=)C9M0mc(Qn-A8JnM5X4n)', 'flor-de-lis-bonita'),
(267, NULL, 2, 'teste', '', '2014-08-16 13:15:17', '2014-08-16 19:36:07', 'Desert.jpg', 'image/jpeg', 845941, '2014-08-16 19:36:07', 'Vn7RL1RDLQ(y16DBGZbDBq0fTxRRhm-kz9gv7QFExM6wQOxUSRTyiB4e8mde', 'teste-by-2'),
(269, NULL, 2, 'Coala', 'bonitao', '2014-08-16 19:38:46', '2014-08-16 19:38:46', 'Koala.jpg', 'image/jpeg', 780831, '2014-08-16 19:38:46', 'lbrh5CvhZguTbn7m-6bQZl4tgFEw)=brIrcO/s)6eq/A9-Pzi9B=evvEkIGq', 'coala-by-ana-paula-fonseca'),
(270, NULL, 2, 'Tulipas', 'Nesta época do ano, aparecem muitas tulipas...', '2014-08-16 19:44:47', '2014-08-16 19:44:47', 'Tulips.jpg', 'image/jpeg', 620888, '2014-08-16 19:44:47', '(=/0CypPvd)5/sXCCxvWpewS(Jbp73XB/f6Nyz8/pbkbUoQRGzy4m-=XN2pR', 'tulipas-by-anapfm');

-- --------------------------------------------------------

--
-- Estrutura da tabela `schema_migrations`
--

CREATE TABLE IF NOT EXISTS `schema_migrations` (
  `version` varchar(255) COLLATE utf8_unicode_ci NOT NULL,
  UNIQUE KEY `unique_schema_migrations` (`version`)
) ENGINE=InnoDB DEFAULT CHARSET=utf8 COLLATE=utf8_unicode_ci;

--
-- Extraindo dados da tabela `schema_migrations`
--

INSERT INTO `schema_migrations` (`version`) VALUES
('20140724161418'),
('20140725154830'),
('20140725204940'),
('20140728221639'),
('20140801120253'),
('20140801121718'),
('20140813124109'),
('20140814111503'),
('20140814143003'),
('20140815110840'),
('20140816124810'),
('20140816155204'),
('20140816185310'),
('20140820132344');

-- --------------------------------------------------------

--
-- Estrutura da tabela `sessions`
--

CREATE TABLE IF NOT EXISTS `sessions` (
  `id` int(11) NOT NULL AUTO_INCREMENT,
  `session_id` varchar(255) COLLATE utf8_unicode_ci NOT NULL,
  `data` text COLLATE utf8_unicode_ci,
  `created_at` datetime DEFAULT NULL,
  `updated_at` datetime DEFAULT NULL,
  PRIMARY KEY (`id`),
  UNIQUE KEY `index_sessions_on_session_id` (`session_id`),
  KEY `index_sessions_on_updated_at` (`updated_at`)
) ENGINE=InnoDB  DEFAULT CHARSET=utf8 COLLATE=utf8_unicode_ci AUTO_INCREMENT=230 ;

--
-- Extraindo dados da tabela `sessions`
--

INSERT INTO `sessions` (`id`, `session_id`, `data`, `created_at`, `updated_at`) VALUES
(10, '91e8f046fd4da499a0c7227aa37b7055', 'BAh7B0kiGXdhcmRlbi51c2VyLnVzZXIua2V5BjoGRVRbB1sGaQdJIiIkMmEk\nMTAkV1FOVkVRT1hpSDY0ZVY3YXZtekxTLgY7AFRJIhBfY3NyZl90b2tlbgY7\nAEZJIjFyV0FBSHRtTUlUUEpxZWJaZ0JwbUFwTXY5Y3BWTkRkUkk4RGRRaUhF\nVjdBPQY7AEY=\n', '2014-07-25 22:55:45', '2014-07-25 23:09:03'),
(29, '59d34327226e14c26859d2df97748648', 'BAh7CEkiEF9jc3JmX3Rva2VuBjoGRUZJIjEwY3hnYXhodkYzQThOMGZKMW9L\nN0lBZGY1a0tJVlV1Ly81bktvWTJhZlZVPQY7AEZJIhRvbW5pYXV0aC5wYXJh\nbXMGOwBGewBJIhNvbW5pYXV0aC5zdGF0ZQY7AEYiNWMyOTk0YmUxMDQ5MDM2\nNGM3ODE5MmViMzQ1ZGQ1MGY2NzA1MzYzNDAyMGZiNWNiZQ==\n', '2014-07-26 00:51:46', '2014-07-26 01:18:27'),
(33, 'f8bf2f103a88b07061671f590302a582', 'BAh7BkkiEF9jc3JmX3Rva2VuBjoGRUZJIjFZdFozRUZSQnI3Nk9uaTYzc3FG\nbFFEVDF4RnR4ZEJiTE5hV0k5M0hTVkk0PQY7AEY=\n', '2014-07-28 15:19:19', '2014-07-28 15:26:28'),
(34, 'def513460cb0431aa27dc9469345146c', 'BAh7BkkiEF9jc3JmX3Rva2VuBjoGRUZJIjF0TjM1dkxUanI2b2ZxUklZM3ox\nZG1mVlkyUGdRTi8wNlJiMDMrWGkyUXRnPQY7AEY=\n', '2014-07-28 16:33:04', '2014-07-28 16:33:04'),
(36, 'cf52a04ff3f7aac60a3430537d044bf8', 'BAh7B0kiGXdhcmRlbi51c2VyLnVzZXIua2V5BjoGRVRbB1sGaQdJIiIkMmEk\nMTAkV1FOVkVRT1hpSDY0ZVY3YXZtekxTLgY7AFRJIhBfY3NyZl90b2tlbgY7\nAEZJIjEyUlBoM1dZMjd2bkIxMXlUZUZza0xYbUc2WXpDa1dGYVpOcFJpVTkw\nVUZBPQY7AEY=\n', '2014-07-28 21:34:40', '2014-07-28 21:51:31'),
(38, 'ed9be0f1707f8b88c7234902eb05ca47', 'BAh7B0kiGXdhcmRlbi51c2VyLnVzZXIua2V5BjoGRVRbB1sGaQdJIiIkMmEk\nMTAkV1FOVkVRT1hpSDY0ZVY3YXZtekxTLgY7AFRJIhBfY3NyZl90b2tlbgY7\nAEZJIjFiaTY1VjdlSWRpcGVDTUZZeUJzcWt1ckF1NEJkcFMwdXljYlY4TkRx\nd1JNPQY7AEY=\n', '2014-07-29 12:21:09', '2014-07-29 12:32:10'),
(40, '3c8728f3db0d0d88f78ffd5f7e51e60c', 'BAh7B0kiGXdhcmRlbi51c2VyLnVzZXIua2V5BjoGRVRbB1sGaQdJIiIkMmEk\nMTAkV1FOVkVRT1hpSDY0ZVY3YXZtekxTLgY7AFRJIhBfY3NyZl90b2tlbgY7\nAEZJIjErb1pocGkwUEFxTmNtTndTZXlRekZOWmE2L0tEQkh6M3E5enNOKy9X\nalhnPQY7AEY=\n', '2014-07-29 22:10:33', '2014-07-29 22:12:04'),
(42, '6edbe75c34266f520ed9a5623c321310', 'BAh7CEkiGXdhcmRlbi51c2VyLnVzZXIua2V5BjoGRVRbB1sGaQdJIiIkMmEk\nMTAkV1FOVkVRT1hpSDY0ZVY3YXZtekxTLgY7AFRJIhBfY3NyZl90b2tlbgY7\nAEZJIjFlMkhNT1pRL1FQQktCS3VJL0p0TzNZQWFkY3J1NElGT0Z6Wnc2SGxE\nTVhjPQY7AEZJIgpmbGFzaAY7AEZ7B0kiDGRpc2NhcmQGOwBGWwY6CmVycm9y\nSSIMZmxhc2hlcwY7AEZ7BjsGSSIURnJpZW5kIHJlcXVpcmVkBjsARg==\n', '2014-07-30 12:25:15', '2014-07-30 16:53:04'),
(43, '4fd1546051cc959ccac4fff4d8909aab', 'BAh7BkkiEF9jc3JmX3Rva2VuBjoGRUZJIjFQazBYTGpxM3FPT01TYlptcUxV\nM2d1bVVVU0h0aEQ0Q0tMY3V4Y296UnVrPQY7AEY=\n', '2014-08-01 11:57:57', '2014-08-01 11:57:57'),
(52, 'e841deb19f135fe6fa64fb0bccde86e3', 'BAh7CEkiE3VzZXJfcmV0dXJuX3RvBjoGRUZJIhovaWdvcnBvbGxvL3Bob3Rv\ncy9uZXcGOwBGSSIKZmxhc2gGOwBGewdJIgxkaXNjYXJkBjsARlsGOgphbGVy\ndEkiDGZsYXNoZXMGOwBGewY7BkkiNllvdSBuZWVkIHRvIHNpZ24gaW4gb3Ig\nc2lnbiB1cCBiZWZvcmUgY29udGludWluZy4GOwBUSSIQX2NzcmZfdG9rZW4G\nOwBGSSIxWUxycThRVzYzZUFPY3habTRod1ZtNzVkelhkZkNPaGRtY1NjZ1Ju\naEJIdz0GOwBG\n', '2014-08-02 03:18:09', '2014-08-02 03:18:09'),
(53, 'b3f265301d5fcb4a2ec0205c423589f1', 'BAh7BkkiEF9jc3JmX3Rva2VuBjoGRUZJIjFJeVBXeUJubW4rcFpHQ2F6b0JR\nYlNMTXY4WVNrZlZKSW9nc2szRDlyRnZ3PQY7AEY=\n', '2014-08-02 03:21:04', '2014-08-02 03:21:04'),
(56, '3ddcd19fe50cc7f05ca176f3ee0a5208', 'BAh7BkkiEF9jc3JmX3Rva2VuBjoGRUZJIjFGbkwwQnRZaHJKbU8razlOVk5l\nVEhsRWZYSFgxb1JXUk9VcVJqekM3SFpjPQY7AEY=\n', '2014-08-02 03:22:01', '2014-08-02 03:22:01'),
(60, 'e54ff6ab200784b7c3f278d24a5318b2', 'BAh7B0kiGXdhcmRlbi51c2VyLnVzZXIua2V5BjoGRVRbB1sGaQdJIiIkMmEk\nMTAkV1FOVkVRT1hpSDY0ZVY3YXZtekxTLgY7AFRJIhBfY3NyZl90b2tlbgY7\nAEZJIjFpdk1rdVNTanpsYzBHcmg5OS9rckhLbDUvRzl0Zzk2OERpdnJQeEtu\neTI0PQY7AEY=\n', '2014-08-02 03:36:17', '2014-08-02 03:36:22'),
(62, 'c2c2e0ae572d238b8cfc95cdef9f277d', 'BAh7B0kiGXdhcmRlbi51c2VyLnVzZXIua2V5BjoGRVRbB1sGaQdJIiIkMmEk\nMTAkV1FOVkVRT1hpSDY0ZVY3YXZtekxTLgY7AFRJIhBfY3NyZl90b2tlbgY7\nAEZJIjFwTHhiODFMNldSWVovcGZJL0oyeG9DZTZHak5ralpXZVduZDVHWndh\nWGMwPQY7AEY=\n', '2014-08-02 12:23:03', '2014-08-02 12:23:04'),
(64, '4be073872502dd6441d19cca08a79bf8', 'BAh7B0kiGXdhcmRlbi51c2VyLnVzZXIua2V5BjoGRVRbB1sGaQdJIiIkMmEk\nMTAkV1FOVkVRT1hpSDY0ZVY3YXZtekxTLgY7AFRJIhBfY3NyZl90b2tlbgY7\nAEZJIjE4NFdhbWQ0R21sSS9IaENiQkdVOUdZYU5palcxd3d2M25ldXlpY3R4\nVm5BPQY7AEY=\n', '2014-08-02 15:15:48', '2014-08-02 15:15:51'),
(66, '92ae82fb0ae51807f34a38de659011b4', 'BAh7B0kiGXdhcmRlbi51c2VyLnVzZXIua2V5BjoGRVRbB1sGaQdJIiIkMmEk\nMTAkV1FOVkVRT1hpSDY0ZVY3YXZtekxTLgY7AFRJIhBfY3NyZl90b2tlbgY7\nAEZJIjFRanZrZmJ6SzFJbG5WazRsOXNSOVFoM1phNVpicU1iSmU2ajlPWm1n\ndnVVPQY7AEY=\n', '2014-08-02 16:50:43', '2014-08-02 16:50:44'),
(67, '3f4091f64fb0a04dab4d10e0ab006b08', 'BAh7BkkiEF9jc3JmX3Rva2VuBjoGRUZJIjFGc0VpMDZtb25zek1XS0RCUm41\nc1pJVVllR1cwN1B3WUxOQVZDSm9CWG9VPQY7AEY=\n', '2014-08-02 20:30:15', '2014-08-02 20:30:15'),
(69, '489faa92c0a4b78df4f6ff5217ebb4e7', 'BAh7B0kiGXdhcmRlbi51c2VyLnVzZXIua2V5BjoGRVRbB1sGaQdJIiIkMmEk\nMTAkV1FOVkVRT1hpSDY0ZVY3YXZtekxTLgY7AFRJIhBfY3NyZl90b2tlbgY7\nAEZJIjF6NWVFcm02aDc3MXRzN3lUZStTRlk2cThmSnc4UkJYRmplS2NBZTZZ\nSnJrPQY7AEY=\n', '2014-08-02 20:33:15', '2014-08-02 22:45:57'),
(73, '110a04fe072988a4ddfec005401fd998', 'BAh7B0kiGXdhcmRlbi51c2VyLnVzZXIua2V5BjoGRVRbB1sGaQdJIiIkMmEk\nMTAkV1FOVkVRT1hpSDY0ZVY3YXZtekxTLgY7AFRJIhBfY3NyZl90b2tlbgY7\nAEZJIjFjbENkaE1aRm43NHNrdkoyODRic1hEUVMwSnA0VTFIVGZrRWl0dnpT\nTmxZPQY7AEY=\n', '2014-08-02 23:25:16', '2014-08-02 23:42:06'),
(77, 'c00b465bdbd07574a8e1a1246c7dce02', 'BAh7B0kiGXdhcmRlbi51c2VyLnVzZXIua2V5BjoGRVRbB1sGaQdJIiIkMmEk\nMTAkV1FOVkVRT1hpSDY0ZVY3YXZtekxTLgY7AFRJIhBfY3NyZl90b2tlbgY7\nAEZJIjFJR1Znd2Z6Z0FFU2pLWlVnYWpPdjlaUDBlb0g5UlpSMlliYjFybXV4\nTnA4PQY7AEY=\n', '2014-08-03 14:21:14', '2014-08-03 14:21:36'),
(79, '2722b33be8d2c18ae03f4f8bf09c611f', 'BAh7B0kiGXdhcmRlbi51c2VyLnVzZXIua2V5BjoGRVRbB1sGaQdJIiIkMmEk\nMTAkV1FOVkVRT1hpSDY0ZVY3YXZtekxTLgY7AFRJIhBfY3NyZl90b2tlbgY7\nAEZJIjF0TlRJWVFsZlRIalVod0phVEgrbXkySy9TbnVWUHhlUHZuVDRKWXJK\naXYwPQY7AEY=\n', '2014-08-03 14:26:46', '2014-08-03 14:26:56'),
(81, '9a1bb4cbaac1438e907cd0f5701eddd6', 'BAh7B0kiGXdhcmRlbi51c2VyLnVzZXIua2V5BjoGRVRbB1sGaQdJIiIkMmEk\nMTAkV1FOVkVRT1hpSDY0ZVY3YXZtekxTLgY7AFRJIhBfY3NyZl90b2tlbgY7\nAEZJIjFxUnR1eW5YNG1SOGhQdmF1Z3diUGIxQVdLV0dZekZiNy9RalIyRXgr\nTzNjPQY7AEY=\n', '2014-08-03 14:41:56', '2014-08-03 14:43:20'),
(83, 'f23f5cdc22a561a69adf6ed7271c4e00', 'BAh7B0kiGXdhcmRlbi51c2VyLnVzZXIua2V5BjoGRVRbB1sGaQdJIiIkMmEk\nMTAkV1FOVkVRT1hpSDY0ZVY3YXZtekxTLgY7AFRJIhBfY3NyZl90b2tlbgY7\nAEZJIjF0aGhlRWV3NVZPdVRqYmtLUTJKZHNVTkpzaHZaOGxOMkp1cy9yWHBy\nN1hVPQY7AEY=\n', '2014-08-04 01:50:35', '2014-08-04 01:50:39'),
(85, '150d481b3d6e293b52b9388c11c1cdf9', 'BAh7B0kiGXdhcmRlbi51c2VyLnVzZXIua2V5BjoGRVRbB1sGaQdJIiIkMmEk\nMTAkV1FOVkVRT1hpSDY0ZVY3YXZtekxTLgY7AFRJIhBfY3NyZl90b2tlbgY7\nAEZJIjFHR3g5ZHpRRG1WNjBoQ25NRjhYZ3FscSt1Qmt4N2NNUTd1Qm9CQlFi\nSTJVPQY7AEY=\n', '2014-08-04 10:44:58', '2014-08-04 10:45:06'),
(87, 'fbcce9e7b4ec6c188089422a7ace33fe', 'BAh7B0kiGXdhcmRlbi51c2VyLnVzZXIua2V5BjoGRVRbB1sGaQdJIiIkMmEk\nMTAkV1FOVkVRT1hpSDY0ZVY3YXZtekxTLgY7AFRJIhBfY3NyZl90b2tlbgY7\nAEZJIjEwN1ZSVWdPbDFiNzQ1THBpd0dSY0N0c1JhMnd6enBQU2xrcHRPUFNI\na01JPQY7AEY=\n', '2014-08-04 18:03:57', '2014-08-04 20:06:42'),
(88, '3534d0144f6e28b43a64a0a83e3a7588', 'BAh7BkkiEF9jc3JmX3Rva2VuBjoGRUZJIjFFWGpPa0I4ZDNjTUtkaUd2SWJD\nZXBtZ083dVM1ZWdralBRcVJKdkdjdk9vPQY7AEY=\n', '2014-08-04 20:54:49', '2014-08-04 20:54:49'),
(90, 'c968cf8643a68f55e84ea684a2f5d8a1', 'BAh7B0kiGXdhcmRlbi51c2VyLnVzZXIua2V5BjoGRVRbB1sGaQdJIiIkMmEk\nMTAkV1FOVkVRT1hpSDY0ZVY3YXZtekxTLgY7AFRJIhBfY3NyZl90b2tlbgY7\nAEZJIjEyekFsU2JhUTcxVGRrYmJBWW1pRVZZNGQzbzZjeTJpR29GaTZqSCtv\nWEpnPQY7AEY=\n', '2014-08-04 20:57:22', '2014-08-04 20:57:25'),
(91, '8875b1340518bd0f5aee4e95f335b9ce', 'BAh7BkkiEF9jc3JmX3Rva2VuBjoGRUZJIjFDMURKRmZSYVhCc3AyN000ZmJa\nRXo4aTFPcm9CeWlnNUhLTDJsOUc0bWlNPQY7AEY=\n', '2014-08-04 21:12:30', '2014-08-04 21:12:30'),
(93, '14520e7b08500573cf3961c6ff098241', 'BAh7B0kiGXdhcmRlbi51c2VyLnVzZXIua2V5BjoGRVRbB1sGaQdJIiIkMmEk\nMTAkV1FOVkVRT1hpSDY0ZVY3YXZtekxTLgY7AFRJIhBfY3NyZl90b2tlbgY7\nAEZJIjE5Z0xXejJvSjUwVDlBMWQ3dFIrWGJDK3M1b295U3RZNDhrVmQvM2RW\naXUwPQY7AEY=\n', '2014-08-04 21:12:43', '2014-08-04 21:12:45'),
(94, 'a01b094501a973351ab377a7c355b98c', 'BAh7BkkiEF9jc3JmX3Rva2VuBjoGRUZJIjE5WHNHdmFsZTAvOThEUENsV0Ni\nWGt6MVM5d1B0WmlXcUhXKzNaU20xc3l3PQY7AEY=\n', '2014-08-04 23:28:35', '2014-08-04 23:28:35'),
(96, '7f05213e20bfca325330cb8a73a460a3', 'BAh7B0kiGXdhcmRlbi51c2VyLnVzZXIua2V5BjoGRVRbB1sGaQdJIiIkMmEk\nMTAkV1FOVkVRT1hpSDY0ZVY3YXZtekxTLgY7AFRJIhBfY3NyZl90b2tlbgY7\nAEZJIjFLWnd0T2plZXZLSzRic3dFU0RTbmhaME9tZml2eVlRWHY4YzcrL3J0\nZXU4PQY7AEY=\n', '2014-08-04 23:28:44', '2014-08-04 23:28:47'),
(98, '8573ea0a62d0e9c2b96f0a1cb251d41e', 'BAh7CEkiCmZsYXNoBjoGRUZ7B0kiDGRpc2NhcmQGOwBGWwY6C25vdGljZUki\nDGZsYXNoZXMGOwBGewY7BkkiHFNpZ25lZCBpbiBzdWNjZXNzZnVsbHkuBjsA\nVEkiGXdhcmRlbi51c2VyLnVzZXIua2V5BjsAVFsHWwZpB0kiIiQyYSQxMCRX\nUU5WRVFPWGlINjRlVjdhdm16TFMuBjsAVEkiEF9jc3JmX3Rva2VuBjsARkki\nMU41Z0IyK1hZRW8vdmtNdHQ3cHlxQkc2S0hQbkt0WkkwQU55R2lPMHd1ZTQ9\nBjsARg==\n', '2014-08-05 01:46:44', '2014-08-05 01:46:44'),
(100, 'c6f80d37c071788dbdc20d45479e8790', 'BAh7B0kiGXdhcmRlbi51c2VyLnVzZXIua2V5BjoGRVRbB1sGaQdJIiIkMmEk\nMTAkV1FOVkVRT1hpSDY0ZVY3YXZtekxTLgY7AFRJIhBfY3NyZl90b2tlbgY7\nAEZJIjFkcEhuMUhyZEhEaFVjRHo2YkVYblFEREZOYnJxRk1MeThnYUdUbnRH\nZmVjPQY7AEY=\n', '2014-08-05 02:51:28', '2014-08-05 02:51:39'),
(102, '893c228757ceca0f59d42fa325c7bacc', 'BAh7B0kiGXdhcmRlbi51c2VyLnVzZXIua2V5BjoGRVRbB1sGaQdJIiIkMmEk\nMTAkV1FOVkVRT1hpSDY0ZVY3YXZtekxTLgY7AFRJIhBfY3NyZl90b2tlbgY7\nAEZJIjFua2NTV01TL25SekRXbmJMNk1TaFp0SElPYk9wMXpXU2drVzlTcHFB\ncWkwPQY7AEY=\n', '2014-08-05 21:02:25', '2014-08-05 21:02:28'),
(107, 'f0f7166101f37ab95e776488e69c460c', 'BAh7CEkiCmZsYXNoBjoGRUZ7B0kiDGRpc2NhcmQGOwBGWwBJIgxmbGFzaGVz\nBjsARnsGOgplcnJvckkiFEZyaWVuZCByZXF1aXJlZAY7AEZJIhl3YXJkZW4u\ndXNlci51c2VyLmtleQY7AFRbB1sGaQxJIiIkMmEkMTAkMHhudzUxYUs3a0lU\nVU14L0RHN0dQTwY7AFRJIhBfY3NyZl90b2tlbgY7AEZJIjFwNGswMjRXZER5\nVkJYbHRuK2J1SEphUkNlQ2N5UzF3K29ZYk41TVY4SGpjPQY7AEY=\n', '2014-08-06 00:21:24', '2014-08-06 00:21:31'),
(109, '3cdfac056a7e9c38177f085c6a32bbe8', 'BAh7B0kiGXdhcmRlbi51c2VyLnVzZXIua2V5BjoGRVRbB1sGaQdJIiIkMmEk\nMTAkV1FOVkVRT1hpSDY0ZVY3YXZtekxTLgY7AFRJIhBfY3NyZl90b2tlbgY7\nAEZJIjFIRXFaWkZ5NVduRDFUcnJPNFZ0WkF2ZXNKNXlJNEs5TFJ3bDFnbnBU\ncmcwPQY7AEY=\n', '2014-08-06 11:52:31', '2014-08-06 11:52:33'),
(111, '8eeba9044e361db265bce0e55c79f58a', 'BAh7CEkiCmZsYXNoBjoGRUZ7B0kiDGRpc2NhcmQGOwBGWwBJIgxmbGFzaGVz\nBjsARnsGOgplcnJvckkiFEZyaWVuZCByZXF1aXJlZAY7AEZJIhl3YXJkZW4u\ndXNlci51c2VyLmtleQY7AFRbB1sGaQdJIiIkMmEkMTAkV1FOVkVRT1hpSDY0\nZVY3YXZtekxTLgY7AFRJIhBfY3NyZl90b2tlbgY7AEZJIjFoMFZVU1BrQVJz\nTkovSWpIWVp4L2JwTTMrOEE3UVRUV2tmT3ZXZkRzbTNRPQY7AEY=\n', '2014-08-06 16:17:23', '2014-08-06 16:22:32'),
(115, 'dc643318d57f137e66cfd15359a32344', 'BAh7B0kiGXdhcmRlbi51c2VyLnVzZXIua2V5BjoGRVRbB1sGaQdJIiIkMmEk\nMTAkV1FOVkVRT1hpSDY0ZVY3YXZtekxTLgY7AFRJIhBfY3NyZl90b2tlbgY7\nAEZJIjF5QzE3RzZpbloxcngwSlRESERNaDhZVC8vRXBJSmhGb0g5UmozVDFX\nVDJVPQY7AEY=\n', '2014-08-07 02:35:06', '2014-08-07 02:38:51'),
(116, '298649beec4ff9703b91490c3a8071f1', 'BAh7BkkiEF9jc3JmX3Rva2VuBjoGRUZJIjF4VmZ2UXBKamorbWQ2TGx1TC9T\naUV5UCtaQzNWaDV0QlBHTVN0VHBRcnZZPQY7AEY=\n', '2014-08-07 10:56:07', '2014-08-07 10:56:07'),
(118, 'b54347933f8810df89a36baaf5913da3', 'BAh7B0kiGXdhcmRlbi51c2VyLnVzZXIua2V5BjoGRVRbB1sGaQdJIiIkMmEk\nMTAkV1FOVkVRT1hpSDY0ZVY3YXZtekxTLgY7AFRJIhBfY3NyZl90b2tlbgY7\nAEZJIjE1MDhyTDVIc2JOdllmZHB2eW0xcVJzam1RbFFNNEttb1FwSHNnS2pJ\ndDljPQY7AEY=\n', '2014-08-07 10:56:19', '2014-08-07 10:56:22'),
(120, 'd6a04ed695abc6f064f458ae847369c5', 'BAh7B0kiGXdhcmRlbi51c2VyLnVzZXIua2V5BjoGRVRbB1sGaQdJIiIkMmEk\nMTAkV1FOVkVRT1hpSDY0ZVY3YXZtekxTLgY7AFRJIhBfY3NyZl90b2tlbgY7\nAEZJIjFyZzBjMWxlOXg1RHBZazZQaGpaTkJRSWRndjNha3d6NmZDenRndEsr\nbmtvPQY7AEY=\n', '2014-08-07 17:33:32', '2014-08-07 17:33:36'),
(122, 'f3cc0c9674df19d9db8e8f9ede10bfe4', 'BAh7B0kiGXdhcmRlbi51c2VyLnVzZXIua2V5BjoGRVRbB1sGaQdJIiIkMmEk\nMTAkV1FOVkVRT1hpSDY0ZVY3YXZtekxTLgY7AFRJIhBfY3NyZl90b2tlbgY7\nAEZJIjFFZ21aeDBHSUxXNW4yM2g5ckhqbzZRSW9naUxsb21reEV0ODAvQjJa\nS2xBPQY7AEY=\n', '2014-08-07 19:51:07', '2014-08-07 19:51:09'),
(124, '05db709438845bc70845e83b8bae67ad', 'BAh7B0kiGXdhcmRlbi51c2VyLnVzZXIua2V5BjoGRVRbB1sGaQdJIiIkMmEk\nMTAkV1FOVkVRT1hpSDY0ZVY3YXZtekxTLgY7AFRJIhBfY3NyZl90b2tlbgY7\nAEZJIjFiTjJsc0tQajNlTGlRV3Q2Y1k1bDNNZmsyTSttbVhBdmFPMUhlbEhI\nR3dNPQY7AEY=\n', '2014-08-08 01:51:43', '2014-08-08 01:51:48'),
(126, 'ece5bf4a75c9a16159f469346e2fb822', 'BAh7B0kiGXdhcmRlbi51c2VyLnVzZXIua2V5BjoGRVRbB1sGaQdJIiIkMmEk\nMTAkV1FOVkVRT1hpSDY0ZVY3YXZtekxTLgY7AFRJIhBfY3NyZl90b2tlbgY7\nAEZJIjFGRGZZTXNhNy9ieURHcXFRSEVkQmo1bGdKdkRmVXZVMzl6SDJ3OWxG\nMDkwPQY7AEY=\n', '2014-08-08 02:59:31', '2014-08-08 03:03:35'),
(128, '5d7115064e996bc75ffc6392e9ecb7e6', 'BAh7B0kiGXdhcmRlbi51c2VyLnVzZXIua2V5BjoGRVRbB1sGaQdJIiIkMmEk\nMTAkV1FOVkVRT1hpSDY0ZVY3YXZtekxTLgY7AFRJIhBfY3NyZl90b2tlbgY7\nAEZJIjFtT2dMNjByQlVQeHd2cEtZemNoenZwcmtOeCt0aEJheTJGdTFEKzI1\nMW1VPQY7AEY=\n', '2014-08-08 03:03:56', '2014-08-08 03:04:35'),
(130, 'cd661d7c9bb5e9b63b9ce1c78f1141c1', 'BAh7B0kiGXdhcmRlbi51c2VyLnVzZXIua2V5BjoGRVRbB1sGaQdJIiIkMmEk\nMTAkV1FOVkVRT1hpSDY0ZVY3YXZtekxTLgY7AFRJIhBfY3NyZl90b2tlbgY7\nAEZJIjFXbU9KKzdiOHYzV2EvV3k0YVk5MFVadU1NMXl3Q0pubDhsZFlBMXdv\ncWtFPQY7AEY=\n', '2014-08-08 10:25:20', '2014-08-08 10:25:28'),
(132, 'e19d5c54f8fac0548e9288404827644e', 'BAh7B0kiGXdhcmRlbi51c2VyLnVzZXIua2V5BjoGRVRbB1sGaQdJIiIkMmEk\nMTAkV1FOVkVRT1hpSDY0ZVY3YXZtekxTLgY7AFRJIhBfY3NyZl90b2tlbgY7\nAEZJIjFvY1AxS2JJak13QlQ3YXRoa1RRQlZNOHdGYTBQN0pKazJaTjNUQkd0\naklFPQY7AEY=\n', '2014-08-08 14:08:35', '2014-08-08 14:08:38'),
(134, '3d7b8cd7cdefd184a2470ccb07b720d0', 'BAh7B0kiGXdhcmRlbi51c2VyLnVzZXIua2V5BjoGRVRbB1sGaQdJIiIkMmEk\nMTAkV1FOVkVRT1hpSDY0ZVY3YXZtekxTLgY7AFRJIhBfY3NyZl90b2tlbgY7\nAEZJIjFiZzBWOVl1TU9ieFBLT1NOcXJoWDl2emdWY01Ua2F6Q1hNcDM2ejhh\nekFFPQY7AEY=\n', '2014-08-09 01:40:11', '2014-08-09 01:40:16'),
(136, '74f27ecc8703e9f281c6e3926ccd35d5', 'BAh7B0kiGXdhcmRlbi51c2VyLnVzZXIua2V5BjoGRVRbB1sGaQdJIiIkMmEk\nMTAkV1FOVkVRT1hpSDY0ZVY3YXZtekxTLgY7AFRJIhBfY3NyZl90b2tlbgY7\nAEZJIjFRZG9vWC9wK0tPYXh0REkydm1TQ1RnN1NubEx3Q0N4SGMrQ2RRWk9G\nVWs0PQY7AEY=\n', '2014-08-09 18:15:44', '2014-08-09 18:15:46'),
(138, '94d50c96cdb4a6899e24e733a0eae907', 'BAh7B0kiGXdhcmRlbi51c2VyLnVzZXIua2V5BjoGRVRbB1sGaQdJIiIkMmEk\nMTAkV1FOVkVRT1hpSDY0ZVY3YXZtekxTLgY7AFRJIhBfY3NyZl90b2tlbgY7\nAEZJIjFyNVE1c2tmMlhVbUE0MTBhcFBRWmFZU3ZiWUhXalJPNnMrbFdtczUy\neTRJPQY7AEY=\n', '2014-08-10 11:37:16', '2014-08-10 11:37:18'),
(140, 'aa2f62e6994959958815b25ddc96c7c7', 'BAh7B0kiGXdhcmRlbi51c2VyLnVzZXIua2V5BjoGRVRbB1sGaQdJIiIkMmEk\nMTAkV1FOVkVRT1hpSDY0ZVY3YXZtekxTLgY7AFRJIhBfY3NyZl90b2tlbgY7\nAEZJIjFBY21GZEk2ZkU1TEY0ZGxVeVZ3MWN6QkhBcVJ1eFV3ZnJ6MHZ2VWho\nUHNVPQY7AEY=\n', '2014-08-10 13:06:27', '2014-08-10 13:08:09'),
(142, 'dc0c0a0d1b6fffd326bde7c75281edfb', 'BAh7B0kiGXdhcmRlbi51c2VyLnVzZXIua2V5BjoGRVRbB1sGaQdJIiIkMmEk\nMTAkV1FOVkVRT1hpSDY0ZVY3YXZtekxTLgY7AFRJIhBfY3NyZl90b2tlbgY7\nAEZJIjFNZ0g4bk9NaVJQUkw3WVJyMUdZYTM1SjdHM1lTeVdLZ29XWnZwSjZP\nQVM4PQY7AEY=\n', '2014-08-10 13:15:24', '2014-08-10 13:16:00'),
(144, '6ac4c9cdfbc20d0963bbc118140c8c62', 'BAh7B0kiGXdhcmRlbi51c2VyLnVzZXIua2V5BjoGRVRbB1sGaQdJIiIkMmEk\nMTAkV1FOVkVRT1hpSDY0ZVY3YXZtekxTLgY7AFRJIhBfY3NyZl90b2tlbgY7\nAEZJIjFuUXhDSjJxWEZhejRuakJmVlo2RGcxZFZWMnBHWUNPcnlxbXVXYmhZ\nb0VFPQY7AEY=\n', '2014-08-10 15:45:56', '2014-08-10 15:47:01'),
(146, 'fd6e99ae9e6486f28fb66e0d1cf79505', 'BAh7B0kiGXdhcmRlbi51c2VyLnVzZXIua2V5BjoGRVRbB1sGaQdJIiIkMmEk\nMTAkV1FOVkVRT1hpSDY0ZVY3YXZtekxTLgY7AFRJIhBfY3NyZl90b2tlbgY7\nAEZJIjExVHQ1eEhYczFPVVM1OVMyMTgydWxvY0FLeG5sOE1DZ05oTFp5RUxn\nSVZBPQY7AEY=\n', '2014-08-11 13:03:17', '2014-08-11 15:07:24'),
(147, '9708bfffeb08b5eeb3e1fa28447fd010', 'BAh7BkkiEF9jc3JmX3Rva2VuBjoGRUZJIjFWVkU5a3lRZDNXWC84NVBJN2t0\na01zSklDSDNCQWMvZHozS3cxWkppc3Q4PQY7AEY=\n', '2014-08-11 19:44:33', '2014-08-11 19:44:33'),
(148, '9f8be3ed2509a800a6bf9bcce4c7a932', 'BAh7B0kiEF9jc3JmX3Rva2VuBjoGRUZJIjFkWjlrdklzZU1pZmZVUVlxRmFt\nYzltUFNnbzdoUWFYRkdnMy9tTzNsZlNZPQY7AEZJIgpmbGFzaAY7AEZ7B0ki\nDGRpc2NhcmQGOwBGWwY6CmFsZXJ0SSIMZmxhc2hlcwY7AEZ7BjsGSSI2WW91\nIG5lZWQgdG8gc2lnbiBpbiBvciBzaWduIHVwIGJlZm9yZSBjb250aW51aW5n\nLgY7AFQ=\n', '2014-08-11 19:44:33', '2014-08-11 20:56:00'),
(150, '7ae908b47b3461205f4753f835c9b56d', 'BAh7CEkiGXdhcmRlbi51c2VyLnVzZXIua2V5BjoGRVRbB1sGaQdJIiIkMmEk\nMTAkV1FOVkVRT1hpSDY0ZVY3YXZtekxTLgY7AFRJIgpmbGFzaAY7AEZ7B0ki\nDGRpc2NhcmQGOwBGWwY6C25vdGljZUkiDGZsYXNoZXMGOwBGewY7BkkiHFNp\nZ25lZCBpbiBzdWNjZXNzZnVsbHkuBjsAVEkiEF9jc3JmX3Rva2VuBjsARkki\nMUNDelExWjRTSEx3Tzh2OHdKTitCTnlyRWlWUy8wam9ESzVYVDhzSmltUGs9\nBjsARg==\n', '2014-08-11 21:36:24', '2014-08-11 21:36:24'),
(151, '4677a5d26c34edd5e7c51835c3d26d45', 'BAh7CEkiEF9jc3JmX3Rva2VuBjoGRUZJIjE5eEs1ZVBBVFdGRDJad1U5S2xC\nSGxqNHB5c1l0SitNUEVqbHYvZUdpdzVjPQY7AEZJIhRvbW5pYXV0aC5wYXJh\nbXMGOwBGewBJIhNvbW5pYXV0aC5zdGF0ZQY7AEYiNTZhY2FkNTBlZjg5Mzc5\nNjdiN2I3OGM0NjBlZjIwYjcxZTZmMjE1MWFhNDk0ZmIxNA==\n', '2014-08-11 21:36:46', '2014-08-12 00:47:49'),
(152, 'ecaa40ad4cf7bed68054027ed5a59a9c', 'BAh7BkkiEF9jc3JmX3Rva2VuBjoGRUZJIjFaWW5lUGdVaktaUHN2U3pEaVN5\ndDRsbUluUU9QaWlacjM3SCt1UDBrT0FNPQY7AEY=\n', '2014-08-11 22:11:07', '2014-08-11 22:11:07'),
(153, 'b17fa54dfbf1ea4b7fe27b317a9e73ec', 'BAh7BkkiEF9jc3JmX3Rva2VuBjoGRUZJIjFBcEFUZExqK3lqRDYzdFpsUGpE\nRXVWeGp6bXliZDRlVitadDl1RW83Y0RFPQY7AEY=\n', '2014-08-12 10:49:49', '2014-08-12 10:49:49'),
(154, '1200bef269d5e65780c479e467eaa4a9', 'BAh7BkkiEF9jc3JmX3Rva2VuBjoGRUZJIjEzd09CNEZJR0I3YlFPdFBSN05X\nYysreSs4TGg1SW5uWXIvWjYyWmJUUmJJPQY7AEY=\n', '2014-08-12 11:02:27', '2014-08-12 11:02:27'),
(155, '25397f9908019e485bedcd1c2033529f', 'BAh7BkkiEF9jc3JmX3Rva2VuBjoGRUZJIjE4RDBnVG42ZGFLNERMVlhzcGdn\nT1BUNzBZOTZPZDJQVW56bWhYZ2xwK1dJPQY7AEY=\n', '2014-08-12 11:02:27', '2014-08-12 11:02:27'),
(156, '7922ebfb734fcd68484d0ab9b810da54', 'BAh7BkkiEF9jc3JmX3Rva2VuBjoGRUZJIjFyNUVDcUZXTldiYWVjK0tsMDZC\nR0ZMYzlWNkIrUmErOE1XcEgxaVBYRVM0PQY7AEY=\n', '2014-08-12 11:52:22', '2014-08-12 11:52:22'),
(158, '0edc4f27cb19c88c47556410aab57e4f', 'BAh7B0kiGXdhcmRlbi51c2VyLnVzZXIua2V5BjoGRVRbB1sGaQdJIiIkMmEk\nMTAkV1FOVkVRT1hpSDY0ZVY3YXZtekxTLgY7AFRJIhBfY3NyZl90b2tlbgY7\nAEZJIjFDclFub2VOak1ZQVBlYW83dExlNUtMdXlLRlY0VU9VUmYvMk1TNFdo\nTmxVPQY7AEY=\n', '2014-08-12 11:56:58', '2014-08-12 11:57:02'),
(159, 'b5e476dc935c7819caa35ff5c62d9eab', 'BAh7BkkiEF9jc3JmX3Rva2VuBjoGRUZJIjFHWXgwaEhHUWRrc0VqYTA1VTdZ\nMGI3QWdSdE02SUdEZ3FmN2VaQ0czSDZRPQY7AEY=\n', '2014-08-12 19:56:52', '2014-08-12 19:56:52'),
(161, '95a9c505cb0bff0dc7b799c9469013b7', 'BAh7B0kiGXdhcmRlbi51c2VyLnVzZXIua2V5BjoGRVRbB1sGaQdJIiIkMmEk\nMTAkV1FOVkVRT1hpSDY0ZVY3YXZtekxTLgY7AFRJIhBfY3NyZl90b2tlbgY7\nAEZJIjEwajM0SmFhdUFOWFFacnRYeE4yTURaeS96YkNLS0hPdFYyZlpkejh4\nQ0xNPQY7AEY=\n', '2014-08-13 11:39:11', '2014-08-13 11:40:22'),
(163, '611b8c751b192356196f8616d4ad8d93', 'BAh7B0kiGXdhcmRlbi51c2VyLnVzZXIua2V5BjoGRVRbB1sGaQxJIiIkMmEk\nMTAkMHhudzUxYUs3a0lUVU14L0RHN0dQTwY7AFRJIhBfY3NyZl90b2tlbgY7\nAEZJIjFIaloybGNoSW1mb1ZBak1BaEU2eUZsek9YNmhiQ05odVpOOGV6M21E\nSUtNPQY7AEY=\n', '2014-08-13 12:59:42', '2014-08-13 14:29:55'),
(164, 'a3fd8e544a9b50dabc391c6c7240138e', 'BAh7BkkiEF9jc3JmX3Rva2VuBjoGRUZJIjFHN3ZWSWZVWlNqRWRzTWoyRnQ5\nK2l6NGhwRUJxaU9iQVdqRStqKytWVS9VPQY7AEY=\n', '2014-08-14 00:02:01', '2014-08-14 00:02:01'),
(166, '1423b4301471cafcb9d5c68ec6583b6c', 'BAh7B0kiGXdhcmRlbi51c2VyLnVzZXIua2V5BjoGRVRbB1sGaQdJIiIkMmEk\nMTAkV1FOVkVRT1hpSDY0ZVY3YXZtekxTLgY7AFRJIhBfY3NyZl90b2tlbgY7\nAEZJIjE3ekRCRnVqUitjTFcvVzM3eWN3VnJnNzZGaTZaWWpwRVFLL29Wc01K\nL0tJPQY7AEY=\n', '2014-08-14 10:39:52', '2014-08-14 10:40:31'),
(167, 'de699fe95a59c913ee3dcb4bc43a106a', 'BAh7BkkiEF9jc3JmX3Rva2VuBjoGRUZJIjFSeTVRZmVqa1N5S1RSQ0hreHlo\nMkZXUEhUUGRudy9EVk9pUXB2NW9EU2ZrPQY7AEY=\n', '2014-08-14 12:30:39', '2014-08-14 12:30:39'),
(168, 'd3c4231100f92f0e269efb36d7e812b2', 'BAh7BkkiEF9jc3JmX3Rva2VuBjoGRUZJIjFad0JhMlNwWEk3VS9LREJiY1Rp\naFphTDlVREl2dlBScnprNzVsQXlkb3djPQY7AEY=\n', '2014-08-14 12:30:39', '2014-08-14 12:30:39'),
(169, '1d4e029755ad49f9a2bcc425b6a3caa0', 'BAh7BkkiEF9jc3JmX3Rva2VuBjoGRUZJIjF4VnRqZWxrNmlURkFBdnQ1cFpp\ndGV2MEh1R2xieDBaY01jN0NndUpiS05nPQY7AEY=\n', '2014-08-14 22:57:33', '2014-08-14 22:57:33'),
(171, '4a6a84a3702cd183b58b86306d3327a5', 'BAh7B0kiGXdhcmRlbi51c2VyLnVzZXIua2V5BjoGRVRbB1sGaQdJIiIkMmEk\nMTAkV1FOVkVRT1hpSDY0ZVY3YXZtekxTLgY7AFRJIhBfY3NyZl90b2tlbgY7\nAEZJIjFlSGpVS0ZVeFNsMGV0L1gzK2RsbnBWdk1GblVqaWFNd3gyMVpBZTlU\nYTAwPQY7AEY=\n', '2014-08-15 11:24:49', '2014-08-15 11:24:54'),
(172, '3d0f75841e1a6cd2f477d1e209566136', 'BAh7BkkiEF9jc3JmX3Rva2VuBjoGRUZJIjFlbW53T0NZV1VYTDNNR1c0b0Jx\nYVRWKzFkYTczZUlIN0FpSElMeGExdS9BPQY7AEY=\n', '2014-08-15 16:00:01', '2014-08-15 16:00:01'),
(174, 'cccc7aa8d6f9b9c8203bb35cbef28fe4', 'BAh7B0kiGXdhcmRlbi51c2VyLnVzZXIua2V5BjoGRVRbB1sGaQxJIiIkMmEk\nMTAkMHhudzUxYUs3a0lUVU14L0RHN0dQTwY7AFRJIhBfY3NyZl90b2tlbgY7\nAEZJIjFkMEwveExkY1hTY2pDaVdjb0RISEJScElhZjc1REpaN3doZ0xMSUZr\nZEVnPQY7AEY=\n', '2014-08-15 16:07:00', '2014-08-15 16:07:03'),
(176, '9a6f6ef62f83ca76e941071c5a2b3fe5', 'BAh7B0kiGXdhcmRlbi51c2VyLnVzZXIua2V5BjoGRVRbB1sGaQdJIiIkMmEk\nMTAkV1FOVkVRT1hpSDY0ZVY3YXZtekxTLgY7AFRJIhBfY3NyZl90b2tlbgY7\nAEZJIjFMcTJwYVV0SmZHYXRvdTZ0SFhrNVRud0ZQaU9WMWdKZjRkZXRRa1Mw\nS1Q0PQY7AEY=\n', '2014-08-15 21:02:28', '2014-08-15 21:02:37'),
(178, '97a342148b180fe11c60d20b187a1417', 'BAh7B0kiGXdhcmRlbi51c2VyLnVzZXIua2V5BjoGRVRbB1sGaQdJIiIkMmEk\nMTAkV1FOVkVRT1hpSDY0ZVY3YXZtekxTLgY7AFRJIhBfY3NyZl90b2tlbgY7\nAEZJIjFhQllBcVFvWUV0NytLeW55b0JZYmlzQ2xMVjAwa2RWdS9SQ3c2dSty\nRDZJPQY7AEY=\n', '2014-08-15 23:53:33', '2014-08-16 00:37:57'),
(180, 'a6b798298be7d3954fb30564e6a9858f', 'BAh7B0kiGXdhcmRlbi51c2VyLnVzZXIua2V5BjoGRVRbB1sGaQdJIiIkMmEk\nMTAkV1FOVkVRT1hpSDY0ZVY3YXZtekxTLgY7AFRJIhBfY3NyZl90b2tlbgY7\nAEZJIjFMTWJlekRwOTlYRmcrVmFMNVJLS0lTMTBDakZJb0pJQWhUeTVkUHBu\nbTVvPQY7AEY=\n', '2014-08-16 12:42:23', '2014-08-16 12:42:26'),
(182, 'c8dea8466969c5bb200f59f178bd761d', 'BAh7CEkiGXdhcmRlbi51c2VyLnVzZXIua2V5BjoGRVRbB1sGaQdJIiIkMmEk\nMTAkV1FOVkVRT1hpSDY0ZVY3YXZtekxTLgY7AFRJIgpmbGFzaAY7AEZ7B0ki\nDGRpc2NhcmQGOwBGWwY6C25vdGljZUkiDGZsYXNoZXMGOwBGewY7BkkiHFNp\nZ25lZCBpbiBzdWNjZXNzZnVsbHkuBjsAVEkiEF9jc3JmX3Rva2VuBjsARkki\nMWxrYzZubEpId3l4Y2lUK1BLSE1vY3dmNzR4YkM3U3J2dVc2cE5xUVZtd2s9\nBjsARg==\n', '2014-08-16 19:10:50', '2014-08-16 19:10:50'),
(184, 'e06b395d99bb81cabadacdc9098114ee', 'BAh7B0kiGXdhcmRlbi51c2VyLnVzZXIua2V5BjoGRVRbB1sGaQdJIiIkMmEk\nMTAkV1FOVkVRT1hpSDY0ZVY3YXZtekxTLgY7AFRJIhBfY3NyZl90b2tlbgY7\nAEZJIjFiQzJGVHZWRHFyYUx5U2dNaDQ3allnQmdvQXhYYjV3WG1kSWY0dkVV\nUzhRPQY7AEY=\n', '2014-08-16 20:28:23', '2014-08-16 20:32:28'),
(185, '14b1f05c76872d201e4cb0928d616961', 'BAh7BkkiEF9jc3JmX3Rva2VuBjoGRUZJIjFjdFUyQTVrWkNPVG1JQ2cvdVdq\nVUFkcFQ5eCtrcHVaRmhvQlJyY09Wa0lBPQY7AEY=\n', '2014-08-17 15:37:41', '2014-08-17 15:37:41'),
(187, '3aeaf0edc6a8fe088c8b0a242df6150c', 'BAh7B0kiGXdhcmRlbi51c2VyLnVzZXIua2V5BjoGRVRbB1sGaQdJIiIkMmEk\nMTAkV1FOVkVRT1hpSDY0ZVY3YXZtekxTLgY7AFRJIhBfY3NyZl90b2tlbgY7\nAEZJIjFaZ2t3Zk5EaUg3cGdlcFNsRVBadExrSXMyWndXK1VsSXZDRGdIaU9t\naWFvPQY7AEY=\n', '2014-08-17 20:14:28', '2014-08-17 20:14:42'),
(188, 'c778112e45ede20f0e06fcc5d505e27a', 'BAh7BkkiEF9jc3JmX3Rva2VuBjoGRUZJIjF1MEN0WFM5WGY2bnVVNzBYM0RJ\nMWxDeVJyVTJBZjdOT2RrNExHeWhnWmpjPQY7AEY=\n', '2014-08-17 23:53:30', '2014-08-17 23:53:30'),
(189, '1dd1cb2c420da7cd8f13eb4f4b3180e9', 'BAh7BkkiEF9jc3JmX3Rva2VuBjoGRUZJIjFFTDRDbHBxN3EzUXhOSEtGaDN0\nbWQ0OVVyMHRFS3U3TWpWT2QxTFhWdVkwPQY7AEY=\n', '2014-08-18 11:34:18', '2014-08-18 11:34:18'),
(191, 'ca4f3b97985824f57797935f2d0d9965', 'BAh7B0kiGXdhcmRlbi51c2VyLnVzZXIua2V5BjoGRVRbB1sGaQdJIiIkMmEk\nMTAkV1FOVkVRT1hpSDY0ZVY3YXZtekxTLgY7AFRJIhBfY3NyZl90b2tlbgY7\nAEZJIjF6QzVodmhVV2JFbUZTQ3Zyb2N5SVNQaEI2c1FBREh2MXl5amNNVHZX\na2NRPQY7AEY=\n', '2014-08-18 11:37:33', '2014-08-18 11:39:44'),
(193, 'a8b3e4773225ef01cef5cc8d91ab1a3d', 'BAh7B0kiGXdhcmRlbi51c2VyLnVzZXIua2V5BjoGRVRbB1sGaQdJIiIkMmEk\nMTAkV1FOVkVRT1hpSDY0ZVY3YXZtekxTLgY7AFRJIhBfY3NyZl90b2tlbgY7\nAEZJIjE4OVlBNU1kbDJOQXhxbk05Rlg0NWxrK2Vab051dERORjF1elFYUkZp\nWG9RPQY7AEY=\n', '2014-08-18 12:19:45', '2014-08-18 12:28:53'),
(194, '5bea3dbd64e2453ea1b0806a39b30b1f', 'BAh7BkkiEF9jc3JmX3Rva2VuBjoGRUZJIjF5T3ptcmZpd1JnS1E5a0NWTnhi\nbkxxUnVuLzBwS3B5Qkl4Y1BvS3pNRWRBPQY7AEY=\n', '2014-08-18 19:54:24', '2014-08-18 19:54:24'),
(196, 'e008701dc7436f5331b08d56c49d9cef', 'BAh7B0kiGXdhcmRlbi51c2VyLnVzZXIua2V5BjoGRVRbB1sGaQdJIiIkMmEk\nMTAkV1FOVkVRT1hpSDY0ZVY3YXZtekxTLgY7AFRJIhBfY3NyZl90b2tlbgY7\nAEZJIjFsK2tveGNiY3Q5ZlczOHNTV3VqcUl0TmM1ZmpzWmh6ZWtTd2dabnJt\nT3NBPQY7AEY=\n', '2014-08-18 22:25:13', '2014-08-18 22:25:16'),
(197, '770877f977060a3b9bf7a7a8fce77c84', 'BAh7BkkiEF9jc3JmX3Rva2VuBjoGRUZJIjFyNWZBbUx2TDlrRFlnVjNBWmt0\nR2Nmd0RtSk9HRGlUSEVkalFDbUx1MExFPQY7AEY=\n', '2014-08-19 10:56:15', '2014-08-19 10:56:15'),
(198, '0cf37c2d601b425699984ea947935c12', 'BAh7BkkiEF9jc3JmX3Rva2VuBjoGRUZJIjFUVkUrWFZXUXVzTUwwM1NGNHAy\nbDR4OUpYOFJEbkpUZlJ1WVZJTE80NTUwPQY7AEY=\n', '2014-08-19 16:36:11', '2014-08-19 16:36:11'),
(199, 'e5f2b4ad34ca0ea231b782d573946028', 'BAh7BkkiEF9jc3JmX3Rva2VuBjoGRUZJIjFuRWxuTTg5YzN6S2IvbzNGakxa\nTWRna2ppaUlsZmc2b3VDZU9hZ0ZsU1JrPQY7AEY=\n', '2014-08-19 16:36:11', '2014-08-19 16:36:11'),
(200, 'b8e2c18026dc093a446b128417343347', 'BAh7BkkiEF9jc3JmX3Rva2VuBjoGRUZJIjFhQ1l2UzRLek14NFh2aDVrTnhE\nd0prK3dSMks0QlNFSGNPdnRKQXlSWVdZPQY7AEY=\n', '2014-08-19 18:50:07', '2014-08-19 18:50:07'),
(202, '178d2b273359e56fff6d9c54e035c6e7', 'BAh7B0kiGXdhcmRlbi51c2VyLnVzZXIua2V5BjoGRVRbB1sGaQdJIiIkMmEk\nMTAkV1FOVkVRT1hpSDY0ZVY3YXZtekxTLgY7AFRJIhBfY3NyZl90b2tlbgY7\nAEZJIjFhY2tJS3p4dEJKYWQ2eFFQa0N5Q25hOWtrejg4WEcyakJUTnVNS2tT\nSzNVPQY7AEY=\n', '2014-08-19 20:07:16', '2014-08-19 22:29:15'),
(203, '1ad0a40d8baef8552b6dc7d45a11cd05', 'BAh7BkkiEF9jc3JmX3Rva2VuBjoGRUZJIjFUZ0RiN0JReEd1SWFMalMvekhq\nK0pMYnlacW1OOHVIc1Z0ZkMyUzg4VVJVPQY7AEY=\n', '2014-08-20 01:58:55', '2014-08-20 01:58:55'),
(204, '93b33c8df378365207b211124a74257f', 'BAh7BkkiEF9jc3JmX3Rva2VuBjoGRUZJIjFzN0dDQitxcGFSNVRpSDBzdzZB\nL3BJYjhyVnZSTGwyeVhmQjRCNEZ6Q0hBPQY7AEY=\n', '2014-08-20 10:46:42', '2014-08-20 10:46:42'),
(206, 'c527fd7b91c427703084399c4a2ec2f3', 'BAh7B0kiGXdhcmRlbi51c2VyLnVzZXIua2V5BjoGRVRbB1sGaQdJIiIkMmEk\nMTAkV1FOVkVRT1hpSDY0ZVY3YXZtekxTLgY7AFRJIhBfY3NyZl90b2tlbgY7\nAEZJIjFpYy84NkUweEtCeVd4RVVaMk03akx0N3E2Q2hCNS9SbXhUZDdDNjc1\ncW9NPQY7AEY=\n', '2014-08-20 10:48:37', '2014-08-20 10:48:55'),
(208, '6e9416aafe4ec39ccde3e53f0381a0b4', 'BAh7B0kiGXdhcmRlbi51c2VyLnVzZXIua2V5BjoGRVRbB1sGaQdJIiIkMmEk\nMTAkV1FOVkVRT1hpSDY0ZVY3YXZtekxTLgY7AFRJIhBfY3NyZl90b2tlbgY7\nAEZJIjFXSno5VC9qN1hQeXB5ZlVDbXk2YSt6cldnT3ZzbCthYzE3cjVudEE1\ncmRRPQY7AEY=\n', '2014-08-20 19:27:01', '2014-08-20 19:27:21'),
(209, '3d8307d8d37af54f6fea36bfabaac140', 'BAh7BkkiEF9jc3JmX3Rva2VuBjoGRUZJIjFpelR3eDNkcVpUbVY5WisvSnBJ\nRW03Wkh0M1ZYOTNhMW8xUThiMXhSWCtvPQY7AEY=\n', '2014-08-20 22:53:35', '2014-08-20 22:53:35'),
(210, 'a1c36ec0fb26df818af0e7ec77c22342', 'BAh7BkkiEF9jc3JmX3Rva2VuBjoGRUZJIjFaTHh4ZDJGd3BCL1h3bW1uU0pp\nMEYxdnBoZHVadjQzZ3hzVytWK29JVUdRPQY7AEY=\n', '2014-08-20 22:53:36', '2014-08-20 22:53:36'),
(211, '37e5e8abfa8d0d41316b8614c04278ce', 'BAh7BkkiEF9jc3JmX3Rva2VuBjoGRUZJIjFxSk5tRzM4MzZ0QldQcjFYZHlh\nWk9GZU1yVWg3RjJlSmgvd2FPRFR3dFk4PQY7AEY=\n', '2014-08-22 22:53:41', '2014-08-22 22:53:41'),
(212, 'e93bb2642e6a0a7f5d8ed31e59895697', 'BAh7BkkiEF9jc3JmX3Rva2VuBjoGRUZJIjFqeVBONGlFUDNPODlBSkhiV01M\nSmVxUWY0MTduQ1J4Q2kyOVpMYVFWSWt3PQY7AEY=\n', '2014-08-22 22:53:41', '2014-08-22 22:53:41'),
(213, '3323d4282424757eea1e33ee837be5d4', 'BAh7BkkiEF9jc3JmX3Rva2VuBjoGRUZJIjFYeS9OdnhJUEVkd1g1TThCYWM5\nbEY3MzlSL3UrWEJVYUJBUjI0VzZkM2J3PQY7AEY=\n', '2014-08-29 22:33:34', '2014-08-29 22:33:34'),
(214, 'c53c9dffcf4cbee52d9fe3de8f846a49', 'BAh7BkkiEF9jc3JmX3Rva2VuBjoGRUZJIjFrLzI3dFdhMFprZ080a2NiWHh4\nR2VGK0NzRVZvcThKR1J6VllGSnpIOElVPQY7AEY=\n', '2014-08-29 22:33:34', '2014-08-29 22:33:34'),
(215, '7ecca3553bc87dad064fd3ce8d2f0412', 'BAh7BkkiEF9jc3JmX3Rva2VuBjoGRUZJIjFTRFJISGphT1lSRnFFTlVVT29l\nMGVQd1NYazFnOUFxSFdmaEs4YVNXNTBvPQY7AEY=\n', '2014-08-31 22:39:29', '2014-08-31 22:39:29'),
(217, '4c23ac7df45d76d3016ca0ab59eda95b', 'BAh7B0kiGXdhcmRlbi51c2VyLnVzZXIua2V5BjoGRVRbB1sGaQdJIiIkMmEk\nMTAkV1FOVkVRT1hpSDY0ZVY3YXZtekxTLgY7AFRJIhBfY3NyZl90b2tlbgY7\nAEZJIjFZenRuSVFGT3hFZXVYalhwSHJsbG5jS0w4Y3pOVk5qWWROdVpBQ0RF\naEY0PQY7AEY=\n', '2014-09-01 11:15:14', '2014-09-01 11:15:50'),
(219, '5ab1d9f9ffa82c467fbe388272e2bf2c', 'BAh7B0kiGXdhcmRlbi51c2VyLnVzZXIua2V5BjoGRVRbB1sGaQdJIiIkMmEk\nMTAkV1FOVkVRT1hpSDY0ZVY3YXZtekxTLgY7AFRJIhBfY3NyZl90b2tlbgY7\nAEZJIjFIZnV0RWtvdkt5SXRMK0dsT1lnRFJud3oxZkh3ZVNVRy9SQVBlczlQ\nOUY4PQY7AEY=\n', '2014-09-01 22:15:13', '2014-09-01 22:59:11'),
(220, '4843ad16e247463815a5206c5e8d0cd9', 'BAh7BkkiEF9jc3JmX3Rva2VuBjoGRUZJIjFrbmxrUWFyaVRsbGlkVmozZEQw\ncUZGc0pLUGJ1UXZWa3JXbDY3bWpMUy9jPQY7AEY=\n', '2014-09-01 23:43:56', '2014-09-01 23:43:56'),
(222, 'dd914286f9c7f4c0c3bd04364194801c', 'BAh7B0kiGXdhcmRlbi51c2VyLnVzZXIua2V5BjoGRVRbB1sGaQdJIiIkMmEk\nMTAkV1FOVkVRT1hpSDY0ZVY3YXZtekxTLgY7AFRJIhBfY3NyZl90b2tlbgY7\nAEZJIjE2ajMzUW54aXVRMnZYd2paUW1KcHZjUTdXVGFNbXpyZ3pKeFQybXRz\naGw0PQY7AEY=\n', '2014-09-02 10:30:09', '2014-09-02 11:37:09'),
(224, '47a223420307e70d5ecaa1edd647b181', 'BAh7B0kiGXdhcmRlbi51c2VyLnVzZXIua2V5BjoGRVRbB1sGaQdJIiIkMmEk\nMTAkV1FOVkVRT1hpSDY0ZVY3YXZtekxTLgY7AFRJIhBfY3NyZl90b2tlbgY7\nAEZJIjFnYmdWSmRxYUFpd1FTT3JvWS9ZTFRjMTN4NnE4VjdlTkVwQUl1WTg4\nYlc4PQY7AEY=\n', '2014-09-03 11:45:27', '2014-09-03 11:48:46'),
(225, '0b3760178b505998c51acfd719c6a29f', 'BAh7BkkiEF9jc3JmX3Rva2VuBjoGRUZJIjFMVXdaYXUrRWZmMmdzZUZTR1cv\nS0xudWJDNS9sc05CNmpqVFZvNUM5WlZFPQY7AEY=\n', '2014-09-04 11:42:04', '2014-09-04 11:42:04'),
(226, 'e714bababeeae4dedc6d96ac9e1d8b25', 'BAh7BkkiEF9jc3JmX3Rva2VuBjoGRUZJIjFqQlliQUtlaWxNRndETk1XYjJI\nK0RwcWgvVDRnMFNRRXJIM1JJNjI4UXBRPQY7AEY=\n', '2014-09-04 13:14:01', '2014-09-04 13:14:01'),
(227, '0fdcb650631819c3e75b0cc32756192e', 'BAh7BkkiEF9jc3JmX3Rva2VuBjoGRUZJIjF1RmNGMllmenh0eHhFSmw5dFY4\ncFJJSHdFMklNMVBNRUUrbUpvdzltWmlBPQY7AEY=\n', '2014-09-04 21:03:03', '2014-09-04 21:03:03'),
(228, '7c2d5ff9f372dc3468a383f82dcce646', 'BAh7BkkiEF9jc3JmX3Rva2VuBjoGRUZJIjE5b1dKZ054eG11aklFZnZLSlBF\nZCtYWkpNTUFXaDdxYVV2QVV0c0RWWHdnPQY7AEY=\n', '2014-09-14 01:11:32', '2014-09-14 01:11:32'),
(229, '2765f35170ea09e912b1c1f01d60fab4', 'BAh7BkkiEF9jc3JmX3Rva2VuBjoGRUZJIjFkQldQaTRsbkdDbDJQSFAweDNz\nekVIcmgxK0ZwN2ZuZGFYTWU2RjJOMmt3PQY7AEY=\n', '2014-09-16 22:11:03', '2014-09-16 22:11:03');

-- --------------------------------------------------------

--
-- Estrutura da tabela `users`
--

CREATE TABLE IF NOT EXISTS `users` (
  `id` int(11) NOT NULL AUTO_INCREMENT,
  `first_name` varchar(255) COLLATE utf8_unicode_ci DEFAULT NULL,
  `last_name` varchar(255) COLLATE utf8_unicode_ci DEFAULT NULL,
  `profile_name` varchar(255) COLLATE utf8_unicode_ci DEFAULT NULL,
  `email` varchar(255) COLLATE utf8_unicode_ci NOT NULL DEFAULT '',
  `encrypted_password` varchar(255) COLLATE utf8_unicode_ci NOT NULL DEFAULT '',
  `reset_password_token` varchar(255) COLLATE utf8_unicode_ci DEFAULT NULL,
  `reset_password_sent_at` datetime DEFAULT NULL,
  `remember_created_at` datetime DEFAULT NULL,
  `sign_in_count` int(11) NOT NULL DEFAULT '0',
  `current_sign_in_at` datetime DEFAULT NULL,
  `last_sign_in_at` datetime DEFAULT NULL,
  `current_sign_in_ip` varchar(255) COLLATE utf8_unicode_ci DEFAULT NULL,
  `last_sign_in_ip` varchar(255) COLLATE utf8_unicode_ci DEFAULT NULL,
  `created_at` datetime DEFAULT NULL,
  `updated_at` datetime DEFAULT NULL,
  `provider` varchar(250) COLLATE utf8_unicode_ci DEFAULT NULL,
  `uid` varchar(250) COLLATE utf8_unicode_ci DEFAULT NULL,
  `image` varchar(250) COLLATE utf8_unicode_ci DEFAULT NULL,
  `reputation` decimal(10,1) NOT NULL,
  PRIMARY KEY (`id`),
  UNIQUE KEY `index_users_on_email` (`email`),
  UNIQUE KEY `index_users_on_reset_password_token` (`reset_password_token`)
) ENGINE=InnoDB  DEFAULT CHARSET=utf8 COLLATE=utf8_unicode_ci AUTO_INCREMENT=8 ;

--
-- Extraindo dados da tabela `users`
--

INSERT INTO `users` (`id`, `first_name`, `last_name`, `profile_name`, `email`, `encrypted_password`, `reset_password_token`, `reset_password_sent_at`, `remember_created_at`, `sign_in_count`, `current_sign_in_at`, `last_sign_in_at`, `current_sign_in_ip`, `last_sign_in_ip`, `created_at`, `updated_at`, `provider`, `uid`, `image`, `reputation`) VALUES
(2, 'Ana Paula', 'Fonseca', 'anapfm', 'igorpollo@mm.com', '$2a$10$WQNVEQOXiH64eV7avmzLS.jrSHgVwfERvmRBWfYblafo.s6EDz4DS', NULL, NULL, NULL, 77, '2014-09-03 11:45:26', '2014-09-02 10:30:09', '127.0.0.1', '127.0.0.1', '2014-07-25 16:25:31', '2014-09-16 22:58:55', '', '', 'https://fbcdn-profile-a.akamaihd.net/hprofile-ak-xpf1/t1.0-1/p200x200/10570436_10152513002431195_5942425844550589422_n.jpg', '154.0'),
(4, 'Igor Martins', 'Martins', 'igorpollo', 'igorpollo@gmail.com', '$2a$10$TlTAWRNrsi6WbuXGqoz36eG/36OR96STIpCIs443JXCztGE4zTIe.', NULL, NULL, NULL, 7, '2014-08-02 03:17:28', '2014-08-01 15:21:23', '127.0.0.1', '127.0.0.1', '2014-07-25 21:08:21', '2014-08-20 10:55:16', 'facebook', '100001131304226', 'https://fbcdn-profile-a.akamaihd.net/hprofile-ak-xpa1/v/t1.0-1/p200x200/1782164_663443207036717_448960285_n.jpg?oh=28324a977c43834a9b75eeb074a73bd6&oe=54801B4E&__gda__=1415864550_1b849a4027da640ee3800c0ab8c6b37d', '1.6'),
(5, 'y', 'teste', 'aaa', 'eu@vc.com', '$2a$10$o2mZtodoDlWmst2A0HfHBeRr1SLEAs427dtq2kmo764/hej9bJAXq', NULL, NULL, NULL, 1, '2014-07-26 00:02:18', '2014-07-26 00:02:18', '127.0.0.1', '127.0.0.1', '2014-07-26 00:02:18', '2014-07-26 00:02:18', NULL, NULL, NULL, '0.0'),
(6, 'asdas', 'asaa', 'aa', 'eu@vcs.com', '$2a$10$FdvnzThK95njL7/fLBrdnuLKcN3m2wMb2SKzhLNP5SHaPi83grWAa', NULL, NULL, NULL, 1, '2014-07-26 00:02:48', '2014-07-26 00:02:48', '127.0.0.1', '127.0.0.1', '2014-07-26 00:02:48', '2014-07-26 00:02:48', NULL, NULL, NULL, '0.0'),
(7, 'igor', 'pollo', 'pollin', 'pollin@gmail.com', '$2a$10$0xnw51aK7kITUMx/DG7GPO3Tx6Bf5e1E7jiL8cBpWORiLClNRg3qW', NULL, NULL, NULL, 4, '2014-08-15 16:07:00', '2014-08-13 12:59:42', '127.0.0.1', '127.0.0.1', '2014-08-05 23:35:49', '2014-08-15 16:07:00', NULL, NULL, 'http://graph.facebook.com/100001131304226/picture', '0.0');

-- --------------------------------------------------------

--
-- Estrutura da tabela `user_followers`
--

CREATE TABLE IF NOT EXISTS `user_followers` (
  `id` int(11) NOT NULL AUTO_INCREMENT,
  `user_id` int(11) DEFAULT NULL,
  `follower_id` int(11) DEFAULT NULL,
  `created_at` datetime DEFAULT NULL,
  `updated_at` datetime DEFAULT NULL,
  PRIMARY KEY (`id`),
  KEY `index_user_followers_on_user_id_and_follower_id` (`user_id`,`follower_id`)
) ENGINE=InnoDB  DEFAULT CHARSET=utf8 COLLATE=utf8_unicode_ci AUTO_INCREMENT=7 ;

--
-- Extraindo dados da tabela `user_followers`
--

INSERT INTO `user_followers` (`id`, `user_id`, `follower_id`, `created_at`, `updated_at`) VALUES
(2, 7, 2, '2014-08-06 00:25:01', '2014-08-06 00:25:01'),
(3, 2, 7, NULL, NULL),
(6, 2, 2, '2014-08-20 21:30:05', '2014-08-20 21:30:05');

-- --------------------------------------------------------

--
-- Estrutura da tabela `views`
--

CREATE TABLE IF NOT EXISTS `views` (
  `id` int(11) NOT NULL AUTO_INCREMENT,
  `photo_id` int(11) DEFAULT NULL,
  `created_at` datetime DEFAULT NULL,
  `updated_at` datetime DEFAULT NULL,
  PRIMARY KEY (`id`),
  KEY `index_views_on_photo_id` (`photo_id`)
) ENGINE=InnoDB  DEFAULT CHARSET=utf8 COLLATE=utf8_unicode_ci AUTO_INCREMENT=25 ;

--
-- Extraindo dados da tabela `views`
--

INSERT INTO `views` (`id`, `photo_id`, `created_at`, `updated_at`) VALUES
(1, 270, '2014-08-20 13:35:25', '2014-08-20 13:35:25'),
(2, 270, '2014-08-20 13:36:14', '2014-08-20 13:36:14'),
(3, 270, '2014-08-20 13:36:16', '2014-08-20 13:36:16'),
(4, 267, '2014-08-20 16:20:30', '2014-08-20 16:20:30'),
(5, 267, '2014-08-20 16:20:37', '2014-08-20 16:20:37'),
(6, 269, '2014-08-20 19:27:21', '2014-08-20 19:27:21'),
(7, 269, '2014-08-20 19:27:32', '2014-08-20 19:27:32'),
(8, 269, '2014-08-20 19:27:47', '2014-08-20 19:27:47'),
(9, 270, '2014-08-22 23:02:29', '2014-08-22 23:02:29'),
(10, 269, '2014-08-29 22:33:52', '2014-08-29 22:33:52'),
(11, 269, '2014-08-29 22:34:01', '2014-08-29 22:34:01'),
(12, 269, '2014-08-31 23:27:11', '2014-08-31 23:27:11'),
(13, 269, '2014-08-31 23:27:13', '2014-08-31 23:27:13'),
(14, 261, '2014-09-01 18:25:53', '2014-09-01 18:25:53'),
(15, 261, '2014-09-01 18:25:58', '2014-09-01 18:25:58'),
(16, 261, '2014-09-03 11:48:46', '2014-09-03 11:48:46'),
(17, 261, '2014-09-03 11:49:12', '2014-09-03 11:49:12'),
(18, 261, '2014-09-03 12:05:02', '2014-09-03 12:05:02'),
(19, 269, '2014-09-16 22:57:51', '2014-09-16 22:57:51'),
(20, 269, '2014-09-16 22:57:55', '2014-09-16 22:57:55'),
(21, 269, '2014-09-16 22:58:10', '2014-09-16 22:58:10'),
(22, 267, '2014-09-16 22:58:27', '2014-09-16 22:58:27'),
(23, 267, '2014-09-16 22:58:40', '2014-09-16 22:58:40'),
(24, 267, '2014-09-16 22:58:55', '2014-09-16 22:58:55');

/*!40101 SET CHARACTER_SET_CLIENT=@OLD_CHARACTER_SET_CLIENT */;
/*!40101 SET CHARACTER_SET_RESULTS=@OLD_CHARACTER_SET_RESULTS */;
/*!40101 SET COLLATION_CONNECTION=@OLD_COLLATION_CONNECTION */;
